ID,Name,PhotoUrl
886505412 	Cherly Collins      	https://randomuser.me/api/portraits/women/38.jpg
364222372 	Ryan Chambers       	https://randomuser.me/api/portraits/men/99.jpg
386155541 	Billie Carlson      	https://randomuser.me/api/portraits/women/9.jpg
576744773 	Samantha Dunn       	https://randomuser.me/api/portraits/women/93.jpg
60664181  	Joel Ryan           	https://randomuser.me/api/portraits/men/53.jpg
248549052 	Ted Miles           	https://randomuser.me/api/portraits/men/97.jpg
764807039 	Debra Cole          	https://randomuser.me/api/portraits/women/95.jpg
652549357 	Cathy Price         	https://randomuser.me/api/portraits/women/37.jpg
680865883 	Mildred Russell     	https://randomuser.me/api/portraits/women/16.jpg
996709561 	Adam Oliver         	https://randomuser.me/api/portraits/men/93.jpg
